mixing_rate_rpm,colour_removal_,turbidity_removal_,mixing_time_min,coagulant_vol,nitrate_concppm,iron_concppm,ph,doppm,salinityppt,initial_ph,tds_ppt
100.0,83.61,89.62,4.0,4.0,9.65,8.875,6.9,11.35,12.8,7.0,0.736
80.0,85.57,83.81,4.0,4.0,9.65,8.875,6.9,11.35,12.8,7.0,0.736
90.0,77.45,56.01,1.0,4.0,9.65,8.875,6.9,11.35,12.8,7.0,0.736
90.0,80.08,62.65,2.0,4.0,9.65,8.875,6.9,11.35,12.8,7.0,0.736
90.0,81.58,82.98,3.0,4.0,9.65,8.875,6.9,11.35,12.8,7.0,0.736
90.0,84.66,87.55,4.0,4.0,9.65,8.875,6.9,11.35,12.8,7.0,0.736
90.0,84.92,96.26,5.0,4.0,9.65,8.875,6.9,11.35,12.8,7.0,0.736
90.0,86.39,84.43,2.0,4.0,9.65,8.875,6.9,11.35,12.8,7.0,0.736
90.0,91.31,90.66,4.0,4.0,9.65,8.875,6.9,11.35,12.8,7.0,0.736
90.0,92.09,92.11,6.0,4.0,9.65,8.875,6.9,11.35,12.8,7.0,0.736
90.0,94.78,93.36,8.0,4.0,9.65,8.875,6.9,11.35,12.8,7.0,0.736
90.0,92.05,91.7,10.0,4.0,9.65,8.875,6.9,11.35,12.8,7.0,0.736
90.0,81.78,17.1,4.0,4.0,9.65,8.875,6.9,11.35,12.8,7.0,0.736
90.0,10.0,16.2,4.0,1.0,11.9,8.64,2.1,3.92,4.5,7.0,0.736
90.0,20.0,12.8,4.0,2.0,1.4,9.11,2.9,6.37,7.23,7.0,0.736
90.0,30.0,13.0,4.0,3.0,0.8,8.5,4.5,8.92,10.1,7.0,0.736
90.0,40.0,13.1,4.0,4.0,0.7,8.15,4.9,10.2,11.5,7.0,0.736
90.0,50.0,13.3,4.0,5.0,0.8,8.59,4.5,12.5,14.1,7.0,0.736
90.0,60.0,13.0,4.0,6.0,0.7,7.26,4.9,13.7,15.5,7.0,0.736
90.0,100.0,13.0,4.0,7.0,1.0,6.49,5.2,19.5,22.0,7.0,0.736
90.0,0.0,17.1,4.0,4.0,7.4,7.46,8.6,20.7,23.5,7.0,0.736
90.0,81.78,1.2,4.0,4.0,9.65,8.875,6.9,11.35,12.8,4.0,0.9
90.0,81.78,1.3,4.0,4.0,9.65,8.875,6.9,11.35,12.8,5.0,1.0
90.0,81.78,1.5,4.0,4.0,9.65,8.875,6.9,11.35,12.8,6.0,1.1
90.0,81.78,1.7,4.0,4.0,9.65,8.875,6.9,11.35,12.8,7.0,1.1
90.0,81.78,1.9,4.0,4.0,9.65,8.875,6.9,11.35,12.8,8.0,1.6
90.0,81.78,2.0,4.0,4.0,9.65,8.875,6.9,11.35,12.8,9.0,1.5
90.0,81.78,2.1,4.0,4.0,9.65,8.875,6.9,11.35,12.8,10.0,1.7
90.0,100.0,17.1,4.0,4.0,9.65,8.875,6.9,11.35,12.8,4.0,0.572
90.0,100.0,17.1,4.0,4.0,9.65,8.875,6.9,11.35,12.8,5.0,0.331
90.0,55.0,17.1,4.0,4.0,9.65,8.875,6.9,11.35,12.8,6.0,0.231
90.0,28.0,17.1,4.0,4.0,9.65,8.875,6.9,11.35,12.8,7.0,0.19
90.0,48.0,17.1,4.0,4.0,9.65,8.875,6.9,11.35,12.8,8.0,0.16
90.0,89.0,17.1,4.0,4.0,9.65,8.875,6.9,11.35,12.8,9.0,0.506
90.0,100.0,17.1,4.0,4.0,9.65,8.875,6.9,11.35,12.8,10.0,0.534
69.69802811815266,77.41449029205151,91.13257806548,3.793668656266142,3.977508065509105,11.6190214795179,14.227653101499092,4.134806661084446,12.11853555068278,13.570221053790508,6.745933902198181,0.7879383534084676
113.50202974164324,74.06010446321947,87.17760879930351,4.768328621343676,3.8247834424621607,9.234750343006525,6.280210583135955,9.943856075988148,10.490562445886724,12.831408030632645,7.301345871705223,0.7417539524836374
72.22787636579105,90.17290469694272,84.54309145256612,4.1217637793761766,4.269502104841349,11.388478060553474,7.479185035977744,10.0,11.594183981860748,13.100149595390176,7.150081504332547,0.7765627259806472
96.36067840327624,68.18670632051607,52.15340556261317,0.4078065697906814,3.998612943404285,5.493487811900753,10.363511026778696,4.0,11.489234843050127,12.986697413930706,6.801218580092967,0.7569565536183687
100.77955222435342,74.57400137452035,64.09579316956417,2.067009605176413,3.976881251476831,8.827403072910396,6.493242978028675,8.161367582655206,11.134469970679694,12.051813378171031,7.041550601731611,0.703148000951931
92.71894423670308,83.14708680281812,83.81094340918331,2.702609859507809,4.0997764494150974,13.885452526454229,9.029445568077092,5.886789790383375,11.357950919995424,12.52285070575572,6.937355598483144,0.7487075188105897
88.03245932036846,77.7374101896501,85.9063671820509,3.8880697346175785,4.303706324145446,8.696853705319699,13.050439253157958,6.312549584644224,11.70920659033768,12.328479306926866,6.804056248363679,0.7019150106582719
89.75667819020002,91.76780535210558,92.82218571723786,5.402161119376602,4.0847291162771295,0.0,10.1769828375391,4.0,11.58892969849352,12.181742634773729,6.88647464431228,0.6624299502294813
89.13939885861247,88.63746843868249,85.17436879951845,2.6797011442439773,4.503796144128806,10.544792406220225,8.11920585010612,7.202535605270539,11.880851131656552,12.565648969560415,6.814983878846823,0.7249746034718344
97.75356130848472,93.19319215684445,94.9949760535106,4.5392302737759325,3.757478455495087,8.258717475085165,4.636085197519649,7.704393621160446,11.304459866996453,12.748134239728383,6.9016660727591965,0.717507793029854
83.35523623303706,98.63737646079788,90.70735907044472,6.319190026963374,3.773640387913919,14.206191618713811,5.112165367341401,6.0446235840012,12.280619280102286,14.256244866182188,6.988067042180512,0.7314257319328608
86.09690895702477,86.88319805092998,94.8349394063426,8.010231018632103,4.044033705858138,15.754608900612212,11.775511752501217,4.0,10.945603990364368,13.28332444042555,6.977911477937639,0.7123142135295779
80.62788828067845,93.4470091543982,94.69867699453926,9.858223428857452,3.899740102787923,10.722425859257267,9.038057834399815,10.0,12.050013477618643,12.353719879932488,6.902822918350568,0.7349834045872766
73.55487053380148,93.94498269708454,19.60887962076434,4.176271364680769,3.669115630305999,10.966247589404595,5.835051483121786,7.377646257181337,11.508785658256071,13.215883080475988,7.14943007830397,0.6986084469056163
101.5196407692284,16.226103088593877,15.433902320446418,4.490065246124762,0.7376017954410733,20.938807676622197,4.99276060655301,4.0,4.311324020516719,4.156802243019329,7.065965459959643,0.7359487508717678
96.46513547777036,22.427084087647103,11.533871293701637,3.809499006626329,1.9673645489248024,0.0,8.392110909429336,5.364091502659322,6.598980260513939,7.805468911684337,6.873642282535282,0.8049057517898194
86.4234472493499,29.294878193620075,15.84142549050783,4.103969793133186,2.954108027341311,0.0,11.011836201208558,9.226580817389804,8.082976536038453,9.574595915998566,6.949055452336482,0.7576490714920474
71.96244916208859,28.92083108964957,17.54657305004357,4.214228279951743,4.078184104948906,0.0,9.116101268490112,6.71745081778212,10.399457728572974,11.945453305882394,7.014211511318363,0.7732272059645815
84.26493583725403,54.67478286703283,8.114762582963976,3.7967919370570127,5.201371099413644,4.909496347062363,13.704817579498505,4.0,12.528680955668593,14.201989406776466,6.962322220848611,0.8192152383085226
95.63081506729569,55.93490517285068,16.13902358077547,3.846427352435886,5.985255713304654,0.0,6.762598323660709,8.534368283897617,13.81527904656324,15.70005255722652,6.851642759355481,0.7219374073045257
91.78376512462664,100.0,17.563477137254225,3.923472589465249,6.861774535408096,3.899633955242314,3.4089146292564085,8.486273927745838,20.09572309549237,22.96260468860923,7.489304773095486,0.7288190726066727
87.66110542208364,6.270888123005817,16.13663544252719,3.946162516990231,3.9662974447302046,7.81079087276986,8.716075790248754,10.0,20.783568460110875,23.01669452569317,7.091082931679164,0.7172055664998582
92.26757341021052,83.44282753694225,0.0,3.873767579866378,3.726930416007452,10.153221583106276,11.720982895374126,7.444725227025726,11.081053770961772,12.68704908318453,4.0,0.8802131374216001
93.17021247491964,75.42175709316068,5.561152685396918,4.144335118755884,3.912491406724563,10.595487357606109,13.281307639220284,4.191003660613289,11.610998686836822,12.548876962704682,5.087792776943189,1.0233205967200762
92.9691170199073,78.8850749481102,0.5638112959910674,3.7155808432443753,3.937800271072147,12.0151187850541,9.321756376322352,8.000479526720063,11.172341613661272,12.606164554650402,5.905121841133705,1.05146299326303
88.89801533600112,63.587370876204034,0.1595444985499623,4.270147541516009,3.99760676432388,9.2103595314551,10.479537073797935,6.517648548831185,11.514723501675483,13.516825244816983,6.976237466157564,1.1094454897913049
87.36221684138398,77.1313149650928,0.0,3.65590005594213,4.29881284177186,9.363647487552983,8.262979647806091,6.139945523889584,11.502543863396156,12.851037363562831,8.239362036816406,1.6069392415231625
100.60081549951016,89.57783016874069,2.938810791391524,3.864259289891226,3.972001992716928,14.276625549985363,8.814128915825227,6.93352845398982,12.251991514598906,12.991941825787496,9.271056988433648,1.4959513564450864
89.8098547124293,76.4349230204863,3.283784934563336,4.179089138307683,3.850564319869829,13.035157598334417,6.6920650292067325,10.0,11.49006070088594,14.016506322000584,10.0,1.659735681342889
95.830898842337,100.0,16.301789420831184,3.6373096966802,3.9663370514255454,17.457587315059317,8.618921483742458,6.732265132659199,11.671207479366965,12.418928804142936,4.249033170279086,0.58069357638483
85.00266138478995,98.05299857152292,21.58365215488553,4.063031470608122,3.97665060813868,6.437237763870183,7.874674720913535,8.35622487574295,11.072980756204515,12.95192560635539,5.088072035031151,0.3625082972999845
75.71104741084119,49.674150725445706,12.63240963906694,3.8223379421350527,4.145612298558264,12.618632370697906,2.003308576396236,8.277599958728292,10.30336359690862,13.577869382550537,5.841705798254412,0.2344393433721272
86.64308866565652,27.60852974184737,17.497557948476256,4.050979003481364,3.6549973423165047,1.002831376650594,11.136708234866258,7.106546297571789,10.268464323435296,12.044586529776268,6.881386883590512,0.1252554558477252
76.90194584467474,50.82405800040468,15.875006158048574,3.430879577754374,4.138547755929992,10.46414845102206,8.11570945981463,10.0,11.822891074966186,13.314400545961304,7.759453348483231,0.1535640644120889
96.98803925472966,85.2128056008387,13.965227498534755,4.239117965425191,4.184865314369907,3.2577760264891635,5.58138637484968,7.932392624069068,12.251763260077947,13.083635358479793,9.08021294573336,0.4974410448388283
93.2476138283182,88.17425584215826,16.9987781055332,3.795917355528839,3.8035908570249575,9.883134654848048,9.066960219242644,6.538190725478874,10.55578520323757,12.34682295161046,9.951946212936358,0.4894706686336504
105.90372554551595,92.87251577525072,87.08381990443418,4.363281432390617,4.2446534174498565,11.708629278875808,12.827637349043318,7.361947915789078,11.131452257204108,11.21269363109013,7.065630434495766,0.7809497361745993
66.75385404062304,97.37669516739076,99.764920384802,4.167532281756868,3.988904926523357,8.678449071806858,13.175344953127022,7.516215110228697,11.70087180028484,12.703251215016966,7.047215778462409,0.7471897652975756
74.2757309947894,84.9967558117923,84.00570906900518,3.647547998280391,4.119513154156208,10.276733379740977,9.56803829168262,5.711878068401502,11.903733875205766,12.177919329017188,7.073962406583684,0.6411707992305677
102.51822262154832,74.11429039731087,53.45890516436866,0.9768247231187251,3.766686074674664,14.471997923964746,9.34025683452052,10.0,11.91591067180105,13.346789083705582,6.746273206904951,0.7282017950470803
76.69145933821522,79.97227838696396,60.99214780481497,1.8649280415055172,3.954251514296441,10.81710861781672,4.926990133820912,7.28265667524373,11.93124869278376,13.266281979548683,6.99418349225654,0.713769591213004
75.11607954129343,87.6181639526935,79.17326940676479,3.318618404586923,3.871600314868698,12.751377348155724,4.239587658166038,6.687707718276987,11.429786286855594,11.87528202863836,7.063930671782836,0.7248783156509758
86.61825136356323,84.07602607767146,89.15189677776807,3.929298613589365,3.8145583329729855,3.731876392079968,6.08932372376017,8.24691116204661,12.239497479103257,12.590263858130944,6.96649361271633,0.7753901916221067
89.6340421179671,79.9230062203842,100.0,4.477853834299554,3.645071703138186,10.928409767186816,6.993660183106099,8.194279680519607,11.318843632104002,12.758518727630747,7.172201440219514,0.7576063082335746
95.85056465490464,77.26062065677543,83.12434920665834,2.0763521317787954,4.170544273008704,9.37160098214856,8.9605841492463,5.088099467995876,10.983204925882369,12.78834601386812,7.148187481566527,0.751809258429708
87.66839048321066,85.6691148009402,91.57591574032152,4.01595643969989,4.0366060936188735,6.945650904617154,9.469856058133164,6.547537934307619,11.29710317882983,13.19708233262333,7.345473355827037,0.6847794399674584
93.1571512271006,99.53320576487866,89.1200824633855,5.990996688750314,3.9812898381012216,8.301855699636665,6.126225386330633,4.0,11.550491194569082,13.397938369653165,7.0106710646001735,0.7612986951679223
93.49319260578976,94.90943699722904,95.7684132302306,7.235447837484099,3.801753748713888,9.012079329406342,13.754876070520217,8.587272616048471,11.424896003146364,13.452944834695186,7.305828894495066,0.69233739611771
94.5740393517166,93.77053318705669,88.49402383839588,9.380608790030742,4.109349423031793,16.633755796546605,7.2677710051605295,4.0,11.008008997044634,12.877432913410155,7.069867033644412,0.6346665000960638
89.55460454522864,85.54565923131801,12.07743862202308,4.107609373691591,4.44205637205099,6.774891504695786,10.007465822220444,10.0,12.331007174622052,13.727855962081811,6.82122371998292,0.7831908591817837
93.6306128659872,11.945557535858583,12.09741142049215,3.8391134980309234,1.0150014565015613,12.17981738186384,7.469596787711824,4.0,4.483974476427299,4.820650146582752,7.118384381134359,0.7705232645033401
67.04932246641062,24.52353238663665,12.415251393282878,4.010970556092042,2.1240581486035897,7.4127909974175505,9.615925053518904,4.0,6.885746278585285,7.96249384544368,6.96132901111024,0.7862299469690728
97.73881447432358,18.024825623141247,7.505447217145004,4.089785446643251,2.975880884756624,0.0,7.337121624697495,10.0,9.25625397286505,10.52353674630048,6.882951711552623,0.7604260167882549
88.14412826185061,29.690970120073803,11.640233259070692,3.9112280843417855,3.773991102809489,0.0,10.948792110681046,7.643807659688813,10.514437820495608,11.468719143256024,6.850124401797055,0.774447691868756
90.68467640687857,51.78486959698402,12.224343357386118,4.1913895619752655,4.849621850873335,0.5206311792180909,8.709827527253717,6.831544789598219,12.669251305109862,14.030632595704182,7.032668182948943,0.7318323690579832
87.48732330178771,69.83572650028599,16.084024348388287,4.130410416838482,6.056480507054351,0.0,4.571143441751143,7.756388346209437,14.177594252954307,16.17650396855445,7.103055775544356,0.748717603169493
99.96764128086222,94.47640087033666,13.411090062790118,3.755080412215509,6.905957069136463,0.0,4.03199706921675,4.0,19.69247234934826,21.763036464635658,6.998116551533231,0.7239289105177793
68.67993426562771,7.155503747435258,15.727664587075674,3.6732641431373856,4.265069040268456,8.473217070968952,5.446308688749205,7.612240146498994,20.49065760523031,24.483411467863764,7.183354781095058,0.7569129687611454
76.39810962820005,73.22938030037147,3.988686187464873,3.785362694908735,4.018051803535641,12.967932666166895,7.161298262840639,6.217591954501772,11.133837459498867,12.878321923939229,4.046489768417313,1.0351443265867732
85.04006758505244,93.25386402953608,0.0,3.979733242260072,4.054285455968135,7.79899289712719,8.579423582497702,6.43405022070634,10.532038218317634,12.936339544196642,4.826071247007046,0.9191369126600412
95.9164187347554,81.93977815562091,1.1190024368873563,3.744458916997556,3.677870323672432,6.319510631498213,9.983676098546407,4.474472121449768,11.102312560598794,12.866279522604628,6.042649873294504,1.1409015526924673
94.36785963781294,99.56638071337692,0.7284491285647423,3.837301547038443,4.17575333150865,13.089316788974369,10.272763537080072,4.0,11.656113232675857,12.344365283063697,7.283893524747213,1.1368353916166003
85.76629146812914,84.11687351251642,0.0,3.784646768334921,3.760534787038244,5.376866893289544,11.27722832640736,4.0,10.976015063929632,12.729779537938942,7.85782508611922,1.6740022778471388
84.93650755465657,83.7796180443359,0.0,3.791020238106082,4.052649417976344,11.256317402063605,10.40479729023298,4.384583416541275,11.535959601476996,12.6378314414951,8.90671383522361,1.458262262456794
86.7186133847794,80.36621355576158,1.099675637120642,3.9192446967768166,3.9384073739802186,9.24597436637491,10.586113768396167,6.259815608965172,12.431338307653656,13.01117550005634,9.840740392831227,1.7184270317085335
83.87807167001935,100.0,14.847229403980124,4.22905563643649,3.807590361689803,8.270683152365157,6.807500259174857,7.655885158338073,11.164055887640458,12.3196115920895,4.0,0.6020115252682239
88.44216995528299,95.80686309620998,18.87986380586026,4.518050911633398,4.143650296318046,13.871048034668064,10.674217054600804,9.222808510154074,10.191563758548185,13.1040073480025,4.987646491693645,0.4073820659520265
80.06252210531726,60.50479437267148,14.875884195451489,3.7748559111132014,3.843233515809928,11.752109426271904,6.014774891368143,9.165623210197255,10.962098299213716,13.293706739431878,5.938835988800658,0.2719058781716771
97.29996299742356,22.00133740281894,16.818011691584058,3.732793799993752,4.158001524853802,0.0,6.749022689680164,6.922544536393394,10.886931435875796,12.336272661750533,6.953095049731499,0.2300316026374647
93.67677211676384,36.30518055552153,15.724573837643003,4.1966442151056125,3.931587768425337,7.806875967927242,8.787196567670714,7.841618423582649,10.873123133830635,12.717611140562422,8.049712082961694,0.1529374626994033
90.32568432236172,91.32935677805956,17.801586544243836,4.081522601165715,3.8224400925091575,5.698461663150201,8.390586873066038,8.129314596627768,10.970494155710472,12.609957071890584,9.095412887474398,0.4180989313519463
90.3160588867294,100.0,24.28212346724288,4.381445142066567,4.060612462543958,10.53275034000396,7.511991767448816,10.0,11.7170298785877,13.054281865441324,9.963756172699828,0.5453269487936551
113.89461099577,87.34952762592243,91.86245523307304,4.593911414248894,3.76316207053214,9.06005974447458,11.75256027136984,4.350585639244159,11.70253309234893,12.472576236340698,6.909016385329079,0.7466265697827754
65.90981390108544,100.0,95.69587763416284,4.205725826155378,4.185359559387754,5.153606112660664,11.98081608968426,10.0,11.195120945883035,12.110634029052983,7.034529749972843,0.7998423247442964
71.52025330137121,96.491434426847,87.22250302491501,4.252990654433664,3.804018692888945,8.997674389697892,8.171255565132853,6.2871765688105326,10.20600055020067,13.11777192066325,7.348907518972309,0.7260938696690946
94.9695697575268,74.05134892661246,57.04283414568408,0.8847123723369205,3.829927326923985,7.732484284938296,10.50101111146369,7.881224279668591,11.570548528567215,12.609742419784313,7.251281817649961,0.7980085251913681
95.5150344975481,69.92031169632229,65.61853643262864,1.73833958544164,4.339470483415677,11.96202902960044,11.523743243055824,4.4203903697923135,12.357243764909096,11.997818551964174,6.888036772687829,0.7635326915819595
88.46530955976854,81.59642177035572,88.34731416883213,2.194079833701559,4.07324544444531,7.989672342868515,12.632762086904364,4.0,11.872033259756655,11.912285830608932,7.055395521611774,0.698079407444822
68.91876410198279,81.11954692963671,81.5415758618998,3.95035102587366,4.005248426719639,9.972829939557046,10.417476512144342,4.0,11.136535868513713,13.569646868362128,7.154477820422883,0.7667434457717937
88.90873146716619,86.69209535286244,98.78108911577957,5.262462471134673,4.108632640292649,13.733324075324914,10.809393919808594,8.361934512214681,12.32290562850707,12.766313123075276,7.07885269506727,0.7397440271334731
75.4263427567041,86.95299222955413,81.81102217138829,2.1382053088088733,3.926380296839341,14.7075631239601,8.360262182748183,10.0,11.038715168202469,13.54655483966974,6.916016194376862,0.7874592658576403
95.33941666289668,85.08035851424903,91.86983223002883,3.742761340675628,4.164080024857849,11.180965122891315,10.222417403160414,8.106351228428846,12.391038519949646,12.31484440834318,7.079799889931956,0.7022789215132588
79.67258417313825,85.51103585318893,91.58926423816044,6.057253166734345,4.103247727972077,17.009333670873485,11.42431076476877,8.402549958325523,10.954898600982103,12.554219715726044,6.978590101523815,0.7123247888206707
106.07855322466534,100.0,95.31364713439656,7.805419498122141,3.961497537614509,1.7847680266569703,12.897219608256528,4.0,10.946436211028386,12.26429984705862,7.016495727531295,0.868919768809592
91.42818306812616,100.0,92.05095741013444,9.96173199777148,3.960884890052309,2.3161044838520057,14.468654506192893,4.0,11.194983912469317,13.152627361751875,7.125611569211176,0.7633794301902479
97.09158257651104,89.07551082838732,10.394188625176213,3.96030237497392,4.041886502765884,14.560530892349528,7.8309084523421,8.905267997962182,11.435258491365165,13.236574020467492,7.086356864971137,0.778605963013936
90.72192879154322,15.476138449534496,15.35453835642844,3.976380740869565,0.7594560065434723,7.935858243851269,13.312498300391953,4.0,3.566367163929144,4.883667668802108,7.276466419169892,0.7312856078185698
88.52177759380935,16.124151264308978,14.188657936473248,3.926046649154389,2.1433543024551778,1.1021592377611158,8.583597107873704,5.493819172204219,5.831892274294411,7.067467327722904,7.046100764587349,0.7042606217216613
70.22179861306286,28.03605027149891,17.878965819096496,4.047666279509498,2.921148643521387,1.141039287496694,7.285238072102869,5.374906424985288,8.843280121733674,10.318709781758612,6.8774107414274654,0.7339438020466607
92.28086955707768,32.4141991500772,16.032729031618562,4.014323893923605,3.955529130393898,1.1976158372860264,5.7791349007815445,4.0,10.377950960548212,11.04246374948215,7.09984341432093,0.7672899853098881
81.76632610577359,54.30139700857174,15.27998341637858,3.590190753099287,4.968501261961789,3.673844342864868,10.319788583689675,4.0,11.981068136928906,13.752242817605316,6.912835927640393,0.7729098260051193
92.73771905803368,63.75000490577399,14.165585901171944,3.565449473756628,6.053802154545892,3.804728060699368,6.931530746720988,5.192508353205716,13.407800806449885,15.073275607736054,6.87179562596857,0.7563502191481549
103.92064967551674,93.7364566061407,16.799843421049523,4.376349542904458,6.850650083278237,0.5530995059015964,9.573215899821468,4.62476514699357,19.068739078325688,21.624844778880064,7.037896094980368,0.6964795822772284
97.47669732204896,15.799378721257384,15.095822112250689,3.676387083072343,4.027481762392088,0.8517733625032635,4.90163851597122,10.0,20.963694526037894,23.669301909208123,6.946381967739295,0.688130961642886
92.24305648480129,70.5157490880719,3.795471523464528,3.6609942120412327,3.9018667349948735,9.922607402535109,7.239452166303817,8.241136269332861,11.73051622661046,13.069737460165491,4.0918088471694585,0.9315359646535402
91.42751563004144,77.90279749803199,4.725553900788139,4.3644800525649545,4.155434549825538,6.100775046599916,12.75791916458484,4.022222588839176,12.01489685266152,13.530499451255867,4.963156003822566,1.0201767846092051
97.2717454929973,91.7639211205756,0.0,4.071722845458126,3.687779604370295,6.650220418636356,7.275121086450282,4.380153515704025,12.18547626963815,13.135473986604126,6.145120031147592,1.0825799347426768
81.83068117762022,79.60043726558773,3.921275306187134,4.154175113306033,3.787317399379565,5.813846075066735,6.930106326895717,6.1453909871762455,11.027946497721056,11.975748363072304,6.699853953641354,1.1175811868763736
85.74180719636509,79.21164229410655,0.6138321639938351,3.7978819748670674,4.039504267590991,9.312158052769972,11.412508110876184,4.0,12.268005031675948,12.675990152612997,8.051634533785725,1.5714015476427092
78.26774291923705,75.16753479549885,2.324701019612072,4.434071217316592,3.8141198587285263,14.33198533451452,9.114685848317816,9.09951393966405,11.437295523803217,12.684731907019932,9.455850921631544,1.5127045441077078
98.3794473034387,81.65030255381004,6.825404902737411,3.8499618921977534,3.8553913873241537,14.839372367952516,10.462864105251768,10.0,11.83043594813148,12.405098370336791,10.0,1.7308815918836324
97.48963557375887,100.0,19.68142976205398,3.7253695717969673,4.287761018817164,11.1243854583562,9.744603451538868,4.0,10.8960268128575,12.148079620561685,4.0,0.4953158552351607
95.70504157523656,100.0,16.82469232529729,4.031724359583471,4.233821566364849,9.004969317782754,5.565067335190717,5.100747605579231,11.228644000478685,12.242059645343163,5.396435110076835,0.3160115009214386
97.20174453347616,57.04717286897328,15.6311942805563,3.6483941321696713,3.9640660847554847,1.349486453650627,3.682398739243277,6.383825095629186,11.16791544483628,13.996870859818404,6.229644825347426,0.229646612828077
78.97196673277476,31.136698613175422,16.466665400332875,3.823574408169552,3.893402019345448,16.361183140730212,7.530180493228363,10.0,11.793735351821288,14.190379886550575,6.967674113683622,0.147441871776279
89.82684802017697,53.46399644300915,15.959185352921097,3.6369007084429854,3.894939933342996,6.339206308550548,6.752021844869606,4.88059063993678,11.540695364725304,12.831915869407288,7.758455928582217,0.1494079375062631
100.29166632202802,95.1807555668073,12.778850684640288,4.018282303259208,3.874542663423703,9.91076599474476,8.971733953069577,5.938069003556406,12.131618345567508,13.167479172643548,9.191140035212412,0.4628844894975394
91.42830884967437,100.0,13.091662693892292,4.154614941318743,4.170011617419605,6.92462375890026,7.069018067935009,4.133742255191953,10.72607689809298,12.92693473221325,9.971344744656188,0.5286937052748817
95.88953263232897,74.71567997788881,87.36093792697609,3.877109533313382,4.463839405814588,9.663544586860834,14.163474376741696,8.689296037339115,10.11362262954846,13.582792490575777,6.797230068748799,0.7442118991955596
82.43148342902865,96.71490537470504,83.67585473978913,3.7337076061674166,4.441659170731673,14.448544799630664,8.083845972939361,9.719782694737496,11.185155921285402,13.0736083240666,7.090616094399442,0.742524950557911
92.36631764682627,60.53877890584228,57.29373417090853,1.1340112817594772,3.951983135133261,11.156890101791314,9.75589739097983,4.998283225340476,10.13713099742358,13.310983070242807,7.046472123004116,0.72196661523155
100.01598190023228,68.98601753211025,65.10325359206367,2.2344345010788023,4.083983269969158,10.322246944671488,9.613901548891054,4.986208354791987,11.529268844642893,12.575808236405964,6.992355700513251,0.7189816535140868
85.98824524341958,81.93842259947488,86.61461191889141,2.9806935166499997,3.969072603074319,4.5401311638533945,10.76398365027528,6.369880560989132,11.68297009259653,12.335144143543776,7.1940194455904,0.7496897647070827
77.33062869643743,78.73869516232563,93.13093714999252,3.849017067183453,4.1173845293998905,6.926793670541896,5.091424557717007,5.988738307253322,11.374278089172686,12.852629323096762,7.063902109534915,0.7139731292962782
87.78405621344656,75.63480577901461,99.2144771973778,5.154351167677478,3.977473502042176,7.362097951230954,12.244741675759718,4.873691592547596,11.185934013210746,12.857463339975968,6.7768368192501525,0.7686348753214626
91.4367676188302,94.14201763291456,88.85844019704363,1.5821076155863374,4.052571057569895,9.248056708372244,7.429180918855282,5.289946256478777,11.423957333207907,12.9089164928309,7.0076628762040905,0.7682727166223698
88.94690080847045,86.32544474951727,91.83523831380138,4.59210579423503,3.9504829742029512,3.1554446788399204,12.132059345020677,5.393924616975733,10.796928316914595,12.737761828169818,6.820687399013871,0.7318744780490833
83.65679535701464,76.81416380834554,90.33249760593382,6.252125014490784,4.211725031757645,8.617636393007768,9.548337829706211,4.743418063042203,10.451974212996532,12.265773854332288,7.199813886396999,0.7345030928215673
74.15098201996321,100.0,96.71432384343736,8.040234508811288,4.272787009192392,14.14183077536172,5.194558159615459,10.0,11.760943361912933,13.277644284948783,7.200415723125301,0.7089831437473032
71.47128715238429,100.0,91.1401162501994,10.08797859557887,4.147515025697944,9.706052081290446,7.287503294878006,4.0,11.692578833708506,12.87030039977173,7.218492058162786,0.7473925514515312
83.70512081905872,84.77280892510967,18.76746213985574,3.810363869569347,3.9560405101651175,6.734494073467973,7.429449708539041,7.396307221610458,11.386702659732716,12.500006511813917,6.899958259917406,0.7329353567616211
80.4403201494105,6.572213584271824,18.61900966921162,4.020101602354136,1.2944383374852246,15.386842345985494,5.978941254227745,4.0,4.184781275809359,4.1205220919179615,7.007914809676831,0.7657722994661039
95.61761899682004,19.29406290097288,15.195469039317814,4.085285318436212,2.014234957974001,0.0,9.467032066843718,4.0,5.371058555662651,6.968227183280248,6.799811334925976,0.7488149180704673
79.1334915118187,26.703294517176417,8.8240867788269,3.909881156544613,2.896342982960712,4.086583331400342,6.7428152365724925,10.0,9.314641097913311,10.90564790994089,6.789037398547983,0.7641931054038427
94.74261162632668,40.10367987713568,17.563501150718768,3.2379639785228176,4.067113702102159,0.0,8.905451866731193,4.163690345615675,9.901035639472813,11.384552682473236,6.811303567043349,0.7927590615390013
85.77629368576433,50.30216328236375,15.295612233341762,4.039802630053773,4.788416730913986,1.1529399168535084,6.216945767415829,4.060462375212793,11.91054100854023,14.785155148451842,7.100026498434858,0.6562449054527169
100.53163006633692,50.63211380835772,12.2690658375751,3.680008563557703,5.956833377389494,1.8126590002221972,7.780179784818546,4.0,13.320876451303132,15.325165968109996,6.994492715465095,0.755253389896318
99.97833647592611,97.9080156149224,16.06504699354538,3.806189221265795,6.794349210852871,0.0,3.7009580131882425,6.719708005380415,19.118814727418066,22.60966259581414,7.165968876882832,0.7762252744774973
92.93942489268356,0.0,18.41214188301089,4.198122417598005,3.791135109932318,6.04018929946721,11.133979760054856,6.312029393528334,20.869302280087823,21.995513902811236,6.958694355933423,0.660141669956872
78.52026438881177,73.72451211058083,7.440809729036665,4.059904098785958,3.832119962399634,6.958718317834322,10.597331743436026,4.959995429152669,11.776948768648245,13.50181745388953,4.0,0.875873523072408
93.9705027933387,73.87295499299364,2.5952439582031683,4.111043962170546,4.249050318296221,7.054089962968519,7.520085246067055,4.923194184302396,11.76987281451469,13.24410487215986,5.151103671774746,1.018508690779829
101.95044993463124,69.95402742528118,0.8827565282851455,4.370309217251599,4.091800089806286,13.439166460725469,7.9828726434638195,5.654977286790455,11.140528003981064,12.9047573348476,5.997685613524104,1.0060796637302185
82.76062416996143,83.6281496068169,0.2354744892144462,3.746480379063143,4.120339539666224,6.192698128670129,9.459717491395631,4.634098796636264,11.597516827554475,13.542567509962216,6.981861121059786,1.1409191980617774
82.02616452889659,82.81113454139405,3.990574537610352,4.246608624291623,4.180727699665703,9.358163344389524,5.214203833021938,7.23968546178395,11.744773945044695,13.229142761335686,7.963857326277069,1.6948360769724002
82.42520106784718,80.27879466226972,0.0,3.8566074521786815,3.929727873119013,10.25054345370986,7.211218104446909,5.244267010956978,12.158825439627948,13.10922173346182,9.18018565612752,1.481481307355935
93.09507620998863,93.60905481484836,0.430714152593644,3.8324384353704186,4.290634102912232,11.516913262627286,5.691349706433927,4.0,11.4268682467536,11.899347323943822,10.0,1.6602941975188197
83.56726881394951,100.0,17.541050042173044,3.9500652364987783,3.872357277681569,11.761798098100888,14.305885906668191,7.014571966774975,11.069049086625704,13.363246210405848,4.0,0.6227359896281185
91.36806984013973,96.61817775366784,20.72003568552314,4.054739273546117,3.836369803883576,12.250982696208789,9.225784345871306,5.460151356606969,10.503079826475185,12.395126313811906,5.012322952062784,0.3342037680040955
88.75337201359372,45.91580147043038,15.587708956826472,3.46719073476827,4.219587023237198,5.374934122290463,8.636136827926817,4.0,10.921414382876154,12.543088735813198,5.835322624638866,0.2863780737675882
90.417425659715,30.590616793358063,23.768955343891488,4.382547018818789,4.150268927381064,13.475726323694293,5.8059165007146,8.636267645921253,11.754192091699458,13.114892884144178,6.769583746532035,0.2163927402244559
95.890937963198,31.178664626023,16.51706800822261,3.836338797054039,4.119343963750451,8.574908823566743,10.674007277135846,8.817075318853606,11.76261863958345,14.18453183769292,8.171988782881188,0.1894216386667543
86.75521051335608,90.83976493907068,16.232375274591288,3.9061874907927736,3.861536555782374,13.657850094830298,11.637860426014996,8.23453220244373,12.002016548318371,12.628653040824688,9.433304887638135,0.432690198790981
88.93945549794898,100.0,21.410863108034604,4.211728117224742,4.329197542605453,8.591454633244942,5.830491746881995,6.078737804098515,11.617489382254645,13.197899319068153,10.0,0.6105823789859134
104.8340057741973,97.85494605378676,84.28036090207615,4.204484618716939,3.907949667291285,8.315394833796034,8.241421506612353,8.139315017723863,11.349044346401351,12.935930495998344,6.823577493714776,0.7850596945492502
70.39623441023063,87.66643730325322,84.41395381618719,3.8567304068246457,3.9414869531710734,8.629504679122345,6.928853318761827,4.0,11.952886201662729,12.76804535929799,7.107591989428322,0.7425863047406089
100.76288277066358,72.40681518640244,63.88279010943578,1.0354131887070823,3.7901269109621154,6.45331596858354,10.699820698228532,5.944946135953514,11.808390255900788,12.338190847156891,6.865325261846077,0.7199467000849903
87.24146130953717,84.82205798168448,62.58707357343837,2.041291140586013,3.91070840118582,8.391667959981755,11.028597810982255,5.4554950807895946,12.500714355780817,13.354694566193736,6.704293634100652,0.7771128912954243
89.1424788701192,80.45039669948156,81.56746287669614,3.242470297544916,4.075891788081267,10.7216949806043,10.015585273418214,5.245838045307214,12.149622824946,12.179890945878498,7.18513858671517,0.7256612860967374
90.88924773574112,100.0,91.37599854754826,4.2170186454461245,4.425652787975471,8.521796907237055,12.677711434331712,8.99920427403958,11.498200530208278,13.10309432242381,6.853830728887459,0.7339593996032993
91.52729167344562,94.02985573874388,99.67419448080248,4.759623027516408,4.029324507665176,12.51120860018375,5.915033042003623,10.0,11.670366646331578,13.23775054844174,7.250908405939455,0.766295058925679
81.56340688567944,100.0,84.33921489265673,1.5461044638076349,3.7216486917515903,3.0411271232581187,8.894929399787438,10.0,10.831276937992085,13.053373943014432,7.015048458283544,0.7481816265826959
96.7010459758469,93.11581298526208,88.2436380944051,3.8684431322765978,3.947489570778628,0.0,10.760175603732668,4.0,11.208921594897827,12.497491425008256,6.95612211402165,0.7951884830058441
92.14426385596316,95.48204381682456,94.29706771379674,5.901749332630956,3.869181656434114,11.765510738379747,3.0600859042626647,5.078888473484732,10.678860238250456,12.2783186656761,6.903983179662003,0.7146928268632275
90.76819414239434,100.0,95.80670364466776,7.955225881870713,4.033070084408418,5.88804467298564,10.345594620192305,10.0,11.773764708012864,12.0457505500878,6.918027243650037,0.7701013878231555
77.50950308749913,96.1518672633502,90.65208855384044,10.186258864181394,3.9999034570704657,9.03215826238232,6.09399186161531,5.221668910886746,10.881906532578318,12.912194055944443,6.867235159433012,0.7489561855982984
88.82442067444887,87.89757862360415,15.64888923494431,4.154073353425732,3.927078479912367,10.04452681896338,9.913345319202945,5.461307425783456,11.632608687689045,13.40877652406059,6.847944772416373,0.700921457807633
89.48756536270116,34.10657085931774,13.20171548882449,3.884220258059365,1.0363227000658946,12.606326828130276,8.529186950205847,4.0,3.7957456808335306,5.191859272705692,6.886076482070852,0.694990526351117
86.83170316593532,21.592452692498885,13.08238813107921,3.8508094269704256,2.040461609748267,3.380075507349319,13.60278183804985,4.0,6.765748175750676,8.03406314282029,6.7073928099621245,0.6895280293817293
92.27005392982024,29.273073107239576,6.723162377102335,3.501897284828532,3.1820779412554163,0.0,9.573755157925024,9.438267539502192,8.683246263627916,9.76649723902297,7.059345856889934,0.743762865715332
93.6349996539257,44.35139845839893,13.212383060880727,4.010843700568366,3.8718563664205647,3.5355183828694203,11.049405185284392,5.960650891073593,10.607032348561166,11.526124773717138,7.106274425383738,0.7091220965928954
94.9900488132048,49.72168700621643,18.154485782010823,4.041910696878811,5.180855405603472,0.0,6.520800634690077,8.6393162480162,11.983962612688972,14.500583349332649,6.792485022672249,0.7996734640547419
101.51572743710967,43.4009946117895,10.90625830298157,4.805097202648064,5.992881696774827,3.088707295576395,6.664539378664485,4.0,13.823621970375696,15.956712222770872,7.079183681167118,0.6730290670996594
96.95082991514732,9.539679530333496,16.75252858515375,4.169223882380586,3.9569615407114895,16.93522763460697,4.907034231360411,10.0,21.430154031064127,23.7321624974108,6.807983409443233,0.7100193428712868
82.1710422298588,79.4202449588205,7.189692077488745,4.160797676747315,3.965035262157805,9.789450133822754,3.590692815409602,4.0,12.09149813804206,13.123063953035508,4.080470871288661,0.9135394774008836
101.55096769250424,80.59564192978243,0.6060084021839881,3.9237416829121137,3.864335622877655,12.384050733284258,11.304796699569492,7.726210210726606,11.073830096293396,12.051675054129964,4.637888369988643,0.9845708868120888
85.1849168807661,88.4511511357941,1.6513389378716656,4.222616244373847,3.891454424124676,9.564729037190627,7.694435811340198,8.134785325723955,11.24389079233693,12.861723722469604,5.722600159916222,1.0817243382711388
102.80017460607432,76.65575057503906,1.3261885730242913,4.45284398922087,3.88806613867326,7.192080062283106,3.2294594435675714,4.1786044821589154,11.537621468542778,11.834895141407491,7.398065851129816,1.1892488803147778
106.87219473720532,81.1597937444896,1.7623599715836342,4.6329956315725465,4.344203340742872,10.113535689645932,9.803197294684114,5.353854831575158,11.710971745639505,13.104763778537908,7.921044307098351,1.5721412657059093
84.84446664564297,76.85037375835597,2.5118853735440974,4.409121991423524,3.936582788410955,11.188425360634747,11.41608572274888,4.0,11.875575517121392,12.434906860094856,8.771879591269164,1.5094034124079927
84.35004191454256,74.37910770748354,2.9772918465049334,3.839140472957778,4.224024473153372,6.213931444023716,7.1136409474309,7.669233044813847,11.793981919835566,12.626425932934096,9.957763709554843,1.7284106261856018
99.52822710200384,100.0,13.870311517914187,4.152450314748814,4.153596575418319,7.439879116137164,9.039984365517665,8.474837638944324,12.232823459196524,11.992163163549092,4.0,0.5172571569763934
85.67246556168675,100.0,19.073257829049247,4.246589053927417,3.995483728050353,9.237736339466863,8.51918797504733,6.075221100553154,11.410480593163967,12.872743877224709,5.197343596846998,0.3513072940748075
86.82003769566705,64.7467752915599,14.00885738620244,4.082361894468373,4.191094427142081,10.226152334955652,11.30614297439774,9.929488271666465,11.071360658210072,12.465832059993025,6.05251883768271,0.3348379731575081
89.66671567297159,33.06173704190559,22.43859427705991,4.085268658534688,4.09230029803217,5.644712700603567,8.212495585574528,8.392950833742258,10.432335143810011,12.357790296429885,6.9905823821607695,0.1560134277138003
101.52116724330531,44.43972976863954,20.10850456333526,4.264644321609027,3.712516245745869,11.599295151959268,7.396428889488647,9.328430350999485,11.521054407089308,12.891411466409377,8.153408768215035,0.1117148450748216
90.62062527297962,95.60677026824384,16.641853698069635,3.953938448742768,4.059039884723808,11.28402794613957,6.2588666736943175,10.0,10.894007303630096,12.17656432121961,9.007592990724484,0.562135877917994
78.77961992111041,100.0,19.076389914689663,4.276708775788905,4.047036751721319,13.332704152403725,6.170478023065455,6.154466937037936,11.793317464444437,13.182504480604592,9.82582554588726,0.5482409692487642
96.717815636413,76.88151975437309,92.54271846379272,4.515292835125379,4.067386835785667,7.980102294164905,9.805515489323511,5.749743931007006,11.465305887673953,13.170223560287017,6.984688168342848,0.6787023234950813
86.84887907627956,94.77412798382736,78.91175827301397,3.97991804555402,4.206847513126094,7.588203890847728,6.820749969964823,8.522450530328387,11.01683264316078,12.96634231754842,7.083217790160719,0.7760651685521539
89.84318910916055,73.55996583678017,56.82079751564779,0.9078373227427006,3.837119732041604,13.554887120338789,4.420444430666043,7.24242749291415,10.90863589781495,13.590887059595502,7.241342322828594,0.786044881247329
74.46149504145139,83.58156423885839,64.3493198034837,1.8180924328035517,4.125193504212679,6.13070627465423,7.704172998292902,4.0,11.35341307756819,12.376985099183546,7.384743104063865,0.7541298614185346
77.67392782388477,85.8995046316308,83.55522674112459,3.335871307502641,4.171895821673185,4.712709546295191,12.827967069333276,4.0,10.711516433502371,12.559786487906356,7.084739578988906,0.7159494206212474
85.02143880815633,81.57712017887646,86.44528025967706,4.395573554941719,3.766488165346156,7.289194390911053,11.189952014460498,4.0,10.992552826200942,12.716292562599998,7.414598210874808,0.6923592087884947
80.40854213520224,90.18470066713982,96.57591328579758,4.955525577523422,3.794412761991203,12.456320273957273,9.847603728397964,4.507001059493254,11.3411740659027,13.812813932945575,7.244737539041537,0.7803282556059818
84.1232201906277,95.22247505850645,79.41824746578901,1.7995707588353935,3.8664972116821184,6.250508322784757,8.504217872317556,5.646546309132845,11.846176352451916,12.733283966959048,6.741920445310703,0.7173936155430425
88.68652871410637,93.55487821233272,92.1821619739834,3.2168205170456075,3.9392431147018607,6.550054999570039,11.950079021437537,4.950687434387765,11.414900407404335,12.657113536435867,6.909559590317212,0.7837021002050247
93.39460759789522,90.11401848669934,92.39344669462052,6.035172194092237,3.9766723107069417,2.178167444446192,11.64226812558944,10.0,11.29909030008258,12.921359002496594,7.0526124946402735,0.7709886126264072
102.61123783595818,100.0,92.18147033709532,8.309670048370625,4.19401679594215,11.020941665428287,9.040047725848057,8.374147550358671,11.487977414552034,13.175861771358052,6.884236185225672,0.7740972447594268
102.33786414492896,97.99873847837496,93.73788219963131,9.87056965613237,3.8799166389910913,9.562657409574465,9.148143910560409,7.738292522091977,10.96463795303731,11.566683081820148,7.042861099402503,0.7377415455282175
98.42052206997992,86.59610109124479,18.18602898241753,3.8343410406198895,4.426254128534396,6.254553285595945,7.531469046261418,4.414978600286754,11.081121566941478,12.265541038700835,6.785711132719521,0.751060213284908
88.81275144922006,0.4759602583084561,18.56958410247391,3.6331326177357313,1.203706695388994,10.539259562210974,8.841619174145679,4.0,3.992179464154533,4.775364919544068,6.695042730354984,0.6319215210258735
78.95015228050788,20.230660274377207,14.696110024018148,4.332793157054717,2.0201158691249206,3.322122305160333,11.217584355783922,4.0,6.707211477818665,7.323059198757087,6.98888558393963,0.7730167566574007
78.93414191523094,34.53984273220266,5.253381933438666,4.247746245920954,3.0347212658171387,0.0,8.310784964431045,4.0,9.316035464961384,9.258002102617066,6.9090638765229135,0.6249921409302446
82.74823573664598,43.649286178270586,13.43731048655323,3.9985973771541534,4.139584117501453,0.0,7.327398112399935,5.21907457687309,10.793227087814344,11.46583868392532,6.790622293168975,0.7133587904344477
90.52611835056528,52.71114866447344,15.427370341901778,3.870794537985288,4.986265789322522,5.478611038612093,10.574491908403347,4.0,12.254419451566523,13.957201326888573,7.004807102346329,0.6926974897452294
79.8172349505025,52.243293057764014,11.643781531975828,4.192036670214386,5.696362737605533,0.484753370355135,10.593832342705763,4.0,12.64755100905388,15.939762123594116,7.244062134030262,0.7606975752044645
77.50221179350174,97.63140715971434,17.253676409100375,3.9497154471049374,6.923101441064647,0.0,5.119414306606422,10.0,19.503040677275493,22.65152485261356,7.064679358290219,0.7369317804905176
80.01136709778133,7.370544643613488,15.171523713048275,4.178143122419203,4.093639629139173,1.6498212815975668,2.2851699505729544,9.86739944466698,20.813252974210364,23.15983171232741,6.88100270078458,0.7775715906142282
79.41511344012096,85.71542203263554,5.206547171969733,4.158856813681755,4.001940222984736,8.665730034663062,8.253264370895662,7.684861152456802,11.003844926372512,12.272169070708763,4.042199943045262,0.9140740831184035
86.376984013619,82.25425702205382,0.0,4.358254749719882,4.400247870464362,8.748083482259625,10.92115158970522,4.039621987934156,11.142741406846335,12.17473983375317,5.036498259915279,1.006999262956943
87.30991541688525,79.36567429662426,2.757492818286658,4.433751747516948,3.88361142962244,14.386872141522886,4.335530432001654,5.55422904571475,11.465322093741362,12.78350494913524,5.960363424137928,1.166734491894766
82.1209137267073,89.5036962056784,2.726921898330219,3.938109999500457,3.908690447329431,6.0223113203379,6.6656745673834985,10.0,11.95454826143584,13.196479774395964,6.908028120827318,1.1123161424651082
89.37202297687504,95.59726355341982,0.0,3.568825331415127,4.022241416807405,15.186159914323095,12.141645163727716,9.561877674523778,11.250768643366696,11.906086394347222,8.254812439688328,1.6058955236114898
96.4858929192602,88.00325132624825,1.094038170693497,3.738004754438865,4.147597123288768,0.0,7.958737787856712,9.305239387187592,11.107368410264977,12.600301520922798,9.073266063564995,1.4898139734932982
95.29595005541827,88.85130675070131,0.7750663745105488,3.821661337997978,3.8287802055601374,12.023948493628396,9.189502389728942,4.0,12.28250890434694,13.249874571608894,9.856217867773683,1.663831886100753
87.77481220645224,100.0,20.22103335962338,3.820355410961674,4.027592755754041,10.79774484428362,13.10680812259016,6.27564364522426,11.082578782860685,12.44481686470761,4.188162220004681,0.6566914868802103
97.73717777185766,95.24104626472844,20.947857209932494,3.8877352208488434,4.067787841453482,14.881639315667258,8.213754498867354,6.40369592176088,10.866572581719604,12.696349322315951,4.996333169345685,0.3664036689302881
88.17899200075533,62.5898846017429,19.86546823296222,3.706081898558317,3.729877305189528,14.574644059025168,13.413630127305405,9.586189559725934,10.740628547255142,12.56905030589878,6.157532632782693,0.3120318080280169
87.29207399088934,30.38698340038806,18.67256552676628,3.6296550634310862,4.014689704311961,13.813862618103386,6.397358535431067,8.488396691077895,11.470692753134427,12.246968710566598,6.799351777279316,0.2078638433207467
90.3119337869443,51.20793615152776,23.845029325858768,3.67385018229051,3.7753873670174296,5.663032002150594,5.052746584163662,4.0,11.28825687780188,13.501858819743235,8.18149938668876,0.118961915137023
96.03531070421248,87.79548710728598,14.759473144809576,3.606058582984429,3.8909057612384976,10.780139132806667,10.739158892833318,6.118962150288802,11.05511569964852,13.272610371399994,8.823979911752957,0.5148044431721008
94.34159726948916,100.0,17.39340475249005,4.013807876341048,3.727516455528842,9.452981909280718,7.563252725212829,9.637689968898728,10.98353381713385,12.38683743821731,10.0,0.5462997474517576
85.0852539347712,80.58554352389298,86.43994350141479,4.069496809284297,4.071577829007562,7.002851655823573,9.756383163517274,9.939077832014064,10.624540324206771,12.946833307051282,6.892282173380416,0.7635040024644186
99.9290018909039,55.04652597047628,58.77153056467076,1.3075209325574215,3.8712054283105344,6.445144750705364,12.705425571246778,6.013427806274858,11.116041931246984,12.924284849352906,7.047335996788731,0.7440520568044283
87.69072494135062,61.81456939944508,63.1036983659187,1.743867049454308,4.247228248826512,2.6366735034141886,4.490400726193685,6.438930312315829,10.897874418058064,12.202444439043806,7.091108079361113,0.7344384011266184
89.93779121833009,71.63450082789836,84.89636047410427,3.2175523830314976,3.761683661004676,4.855584929693006,10.085859873902196,6.499952150541425,9.853386379184172,11.074544904918328,6.874790498900808,0.7747485232593553
91.40241852946512,74.60233694928561,87.88162772365249,3.6431335696998337,4.068397421100406,7.598560482333867,7.1067316429269365,10.0,10.96695102749154,12.651333892007818,7.118525124350791,0.7587425876264908
83.95289727173083,79.49469086928083,98.877124485167,5.202473565806993,3.969737823893472,18.243762371068687,10.110081280485844,4.298308116869285,11.653449687349449,12.143142577205198,7.011063035233039,0.7192745951615205
71.54464435339017,95.64965048062555,86.06160282532431,1.643160117975277,4.206897943960077,7.055967259013169,9.021037478993998,8.203184945685388,10.707581972254577,13.044299903345978,6.61027823647132,0.7843710127333816
78.78808607412742,100.0,95.84622302183914,3.9134218205149143,3.874826977893978,4.594182890932308,10.202155744325884,8.278436567870035,11.09406096003837,11.855632550309908,6.98791371338314,0.7068087472549017
85.53806117402398,100.0,92.7470482196347,5.691105468794165,3.6777857659768136,12.074302168746744,8.140310662140235,4.0,12.196306872984556,12.711365182008535,7.160428069490518,0.6454370195028493
84.6643377644238,97.8135875336546,96.30365200687258,8.193765694039712,4.208223908054422,7.29024477324228,10.599135731451549,9.507425786478551,11.054872634969264,12.908623182384378,7.406360081996722,0.7454637534756191
92.6536173543806,90.99039235279982,96.03533006072996,9.779907592748572,4.253854275889778,7.895718073303437,10.716969756366076,4.0,10.824281536254349,11.88191263392619,6.93016971521186,0.7181105212430224
90.99073957588348,88.2193787222552,15.13905804904005,3.8505909265800367,3.997525093412151,12.846729205852172,7.742274245217949,4.0,11.382145245357387,12.97332582839518,6.9537498159178295,0.7330725094842473
91.36502400870336,1.5677633130777815,14.89104489234127,4.069615726207813,0.7208159369054088,11.750709074936976,10.810008120260802,6.298606554221513,3.4860120467344373,4.352591189639996,6.823693184633837,0.8001252579969036
89.3761290518307,25.03053767390687,10.999160369113016,3.766530402889652,2.058375409701418,7.216082924446759,7.553016541985879,4.0,6.799858193690612,7.645294769377842,6.999002909060128,0.817430818460106
89.90970082844302,36.71136563471711,12.725597337571845,3.749602484822147,2.9271738500223945,0.0,14.80053779954032,5.4925654278973965,9.2099192893698,9.655634532771494,7.106647713982713,0.7640190531289349
92.29841462609184,37.041790539156565,15.24223642996906,4.484359400213086,3.829094038505212,1.250478032027673,11.537594222656852,4.0,11.005529883565398,11.118340437934233,7.32870663834289,0.7658766890530141
90.51380777949994,50.33681610664081,14.39064331121326,3.748433240003132,5.212679822169945,4.731502185242847,9.253388348947404,8.09416304285439,11.450593556239427,15.223289850616744,7.061450634906356,0.7250883180884056
88.16517448220031,60.77514231961535,16.155121395327683,4.331099068881212,6.063275440566623,0.0,6.025740301988245,4.0,13.95264452575315,15.361647461683187,6.951663797363481,0.7282858546148943
85.77074267416842,100.0,15.271658586772638,4.1512417561340005,6.924440810855423,0.0,8.859633262735427,8.067477661592374,18.801957653363544,22.327946518623133,6.88854100074452,0.6942485102057241
83.54684435247893,0.0,17.63619047893455,4.108810842534866,3.4923646866347364,11.741330825872954,8.410327055831523,10.0,20.759942156335345,24.419623384943204,7.07320941793704,0.7377057527059827
103.1260684576622,94.22088419472507,3.4683303283405857,3.979199578321566,4.16392674564971,12.558256540258578,7.590397941867561,5.13994545964452,11.425675247366785,12.037949593070486,4.16675770004761,0.9098675627180886
85.25439333346466,73.11000773675495,1.086031692262282,4.403175420385337,3.9947757274990554,17.801905546512604,8.426731202603335,5.027584026934568,11.138385114883045,13.4160167705044,4.673984964282849,1.0299775008855
109.44824677968194,73.82885174426576,0.0,3.995688468293892,3.8492093677518953,11.40413257052036,9.687446105434615,4.640868172498281,12.294786590110636,12.421430332759428,5.761328688273915,1.1233512976105224
79.72168629433787,89.98596615688261,4.293957599468796,3.686846112863837,3.925387883885807,8.139670100825553,8.56755862328475,7.574217783654712,10.833734184634428,13.477632103364266,7.010423670824849,1.00291213330289
78.48619671649492,78.62361772369125,2.302845254789364,4.38423910710925,3.9710642528993487,6.543688748219482,6.211357665108027,5.588056983195181,11.192513932694975,13.761307593585029,8.093805368350077,1.5577069510655766
88.1539405799602,83.2942723451169,0.8854438072395738,3.619841736888865,4.132830541116115,13.85213499143608,5.345166586702073,4.0,11.727419354884432,12.706433877268683,9.325673731818036,1.4858238310662046
91.31774571202244,77.70403126742211,2.6578065434094884,4.120833980542214,3.988305614952482,6.631882417953968,9.051603165017369,6.868381146554501,12.126401371338606,13.257478684998572,9.916280245682628,1.7545553721053346
95.59830979567978,100.0,15.162818623996678,4.42943086032575,3.896530654745357,9.275561294060813,7.876831846257223,5.115200017393881,10.66284465159031,12.34763686743467,4.059527645662343,0.5490922796317008
93.32835954541648,88.55377716620661,21.52364010486121,4.210933668747309,4.266997862513443,10.659121800127318,10.575534970755772,4.678478554891397,11.637951518317449,12.55074887514967,5.018910678617928,0.3217910931229824
98.58210843632943,62.0898771094799,18.75648536785592,4.112717774974048,4.048191919360834,17.130153817950664,6.491962713526543,4.792165909539771,11.115787577382312,13.708480545340764,5.952356229737952,0.2080119435516361
90.3453420748682,24.51550991574096,17.293079205637184,3.7122396170549594,3.992608523781621,2.855499593041099,2.273837359076768,10.0,11.973836250090086,13.357232984912962,7.042197439788716,0.1237198887736084
94.0523865815964,56.56771277728742,15.434190140289344,3.788363917501521,3.9461631584704,12.502897950818758,5.969043545847887,7.884969229793666,11.085727746257216,12.642457148080457,8.218577050563646,0.1129955924235212
83.8250659319812,85.41317106437306,21.06587588444267,3.981070362936827,4.072617412148374,13.41692514695347,6.413927506628038,10.0,11.049120963933776,13.469030875957882,9.06984226643732,0.4641238472401411
82.76896630830412,100.0,16.932928332858896,3.4345637953292254,4.061992371411673,11.101723228350243,6.315027767181933,4.0,12.435753321376698,12.352827430832612,10.0,0.4291832198741032
98.3045475919801,96.31360189670988,93.54125771730024,4.0981050070149,4.148227631786924,7.534358134229684,10.911353112102445,5.967315593834268,11.269131996371344,12.43276016255587,7.097578930293226,0.7602790650782746
77.43285577601654,73.86358726861361,86.99533908817895,4.18658903412905,4.00325840404759,12.566591444568507,8.139800671106576,5.30481088773313,10.83318131866305,13.731761345319793,7.006038748863176,0.8042169123537057
93.5124375379106,73.13181950596305,56.84037776905967,0.9977939623958492,3.869317302747059,8.077412035322402,5.977485590572832,7.130041104312905,11.046876128016851,12.945882277722935,6.938913699709636,0.6784946131250842
96.47430532701895,81.18493957784092,64.83668160576902,2.305472112057405,3.912001302023053,17.741475835201683,8.508595047168782,6.574620820607709,11.514144088091223,12.301140334461987,7.018171276072523,0.7229002042347359
84.83604486033948,74.30953250934029,81.96528373689473,3.3987458970994915,4.153549886371225,10.777171885744268,4.307450908633832,4.8098020352729485,11.865397641675436,13.160059026724513,6.702193029070821,0.7874056827770904
85.16507894727063,86.53816513798007,87.95185877172807,3.905784871097426,3.875372629314232,6.689165287483376,14.368215374057328,10.0,11.75068161500889,12.694598220566409,7.038437906295827,0.7680045117693775
91.51676685529377,93.90038166274364,100.0,5.169138471494682,4.057721113186634,3.982050047700257,9.088763157117103,7.833853211010287,12.11971807320632,12.773664513543956,6.819808326593152,0.734486032930955
91.24047898910273,83.51622149155702,83.3710036113582,1.8715284880298728,3.841491116819945,12.328152113183402,12.20610954126318,9.510340228261152,10.844772766895362,12.002266601732575,7.072726318724093,0.7461893560017538
108.74052882033556,87.73625309871005,89.29799298481925,4.010401724006897,4.061013637442054,7.197041062077895,3.5119665566743965,9.402261817750516,11.227364644926013,11.821496677394268,7.042215170240002,0.7520075926999558
97.06646403518752,97.5468513136806,91.97360848947906,5.742436310920097,4.149574813604631,4.176877686316743,10.09384220706951,7.463838269250821,11.824814653892512,13.171702531801763,7.120039870619605,0.6984175727023124
103.14296638608312,90.09827273843725,90.97105630286435,8.212693465800966,3.6644130626519007,10.026501818797238,3.7989354993585462,6.276485454768037,12.002463180017486,13.28332497447182,7.235604847679159,0.7614677732552501
93.96014161447196,89.96481911658522,87.92261750415314,9.66860791783226,4.0778749450449165,9.484660283352747,8.067035260807703,8.72504124266874,11.518608729346854,11.876342673385455,6.682535580305871,0.7469341582580257
82.135317930165,72.04231147489745,10.532011048031649,3.950843419337025,3.973362583764741,6.461551788210217,8.475118171393492,5.938536991433859,11.727961469065232,12.4060791859151,7.066469403793784,0.7224466069338062
96.19837439224185,12.3108578389902,12.318373976079458,4.097892251115021,0.9294083726935396,11.176691603102924,8.614363798043602,4.0,2.989323533516264,4.916444153514663,7.20711459521336,0.7407256046012928
96.9658524251567,31.15485597128396,10.700358604973982,3.766419280763116,2.035888424521496,0.0,8.199981959413579,4.0,6.701655758107641,7.468566857799544,7.063997672569903,0.7927975685099881
86.621991397688,28.124352916129396,18.98053892293726,4.77460092828443,3.330018094516252,0.0,3.278598024731499,4.0,9.11646727887179,10.1599966882605,7.277696235143145,0.7832161743417151
91.24901395402672,42.58731646155508,14.207737002324034,4.37678091904469,3.837385494465756,0.0,9.45492772609688,4.0,10.138902310241996,10.915469067333127,7.127316031182108,0.7115848016056037
98.87393148909636,42.14912780279376,11.183354847206049,3.8067045315552175,5.011274484560836,0.5827351793278734,8.104143460103383,4.476349506026784,12.742851097718027,14.727898984274791,7.014938134304601,0.7368386212280176
86.09046777726653,62.84450522817684,13.40442738216,4.082468884277815,5.885159177312024,1.9309209330680432,9.880572761904508,4.0,14.261966114126633,15.141841129091206,6.925059898188097,0.7634583184264498
89.58163407976971,100.0,11.267344891723264,4.056445352713844,6.866207571053221,0.0,10.59330100729574,6.271333795646396,19.6503634380706,21.748462028316972,6.920917721888374,0.7745019992534148
88.07051584324643,0.0,22.550726641776546,4.004025035832622,3.7785225184293223,2.074618557293816,8.64926690616851,8.291145525557873,20.400853517939808,23.12474626912692,6.89594914596195,0.7845963920460756
86.69422500242347,92.85919327477984,1.601467181699814,4.0127742496159735,3.749065247124848,15.907457662649318,13.110313911031216,5.96890225993909,11.950403204086784,12.805840964611097,4.211888630104691,0.8583079449169156
90.94431821088838,86.37085355140525,3.870938508017158,3.868225546253024,4.108985675639604,9.079357127733944,9.818214461552447,10.0,11.88316393823269,12.3109465718093,5.401815146509312,0.925400554982478
74.81782882025286,76.33024994686075,3.282629931293547,3.820101100273026,3.9938769860858874,7.311642320862045,7.73655567142794,6.607774413932922,11.291534167502212,12.578543458172716,6.456593532240618,1.0780709392205996
85.904811684034,88.476031326019,2.95039140575529,4.184650012882172,3.936326244698999,12.466602006278103,11.472049741580507,6.969531713820082,11.37326626064025,12.414958360001476,7.421571479203588,1.164645822646197
88.12776978751485,85.75237224071223,0.0,4.159374753376911,4.07938686756366,2.908558918568053,4.495049386409426,9.063347043323892,11.855435966920655,12.763717675084866,8.147459834248206,1.6720861645894871
106.18976258602186,89.38629247365128,4.652448556922451,4.059359954730968,3.821861858266414,8.000579892018424,7.036608835959264,4.0,11.923779697858125,12.851800181097667,8.976055633625997,1.554370864666719
98.21908899218838,61.40796040153025,7.856892267454768,4.506267204019996,3.9604753447246734,6.7555239719164,8.60416190877366,4.023276655473546,11.556317933222608,13.493200870636002,10.0,1.7722952075265683
84.41013728146515,100.0,16.02569529759642,4.119496846678492,3.9132991718412486,15.753730488915572,4.697551233718903,5.151267221446564,11.020930326668635,12.890760452736636,4.039335292603307,0.5526726682865302
98.22576476288334,100.0,13.55970297923442,4.0946826725937,4.262911059167859,12.689878819827642,10.258609053417391,4.0,11.09107964740402,12.828582836771572,4.663138815437575,0.2670431776188581
86.71242590957524,54.06536050164011,18.726152512436748,3.945911211503559,4.147183954057971,0.0,11.201398337835377,5.268205559584193,11.43498752363219,13.329042409237626,6.269125467073366,0.160153656446005
101.93905431901176,41.32744343640664,19.67402676954852,4.123090378987835,4.106035937227432,11.130869344447868,2.841040907833568,8.360119645073212,11.82808307456335,13.360527090503576,7.049069036858047,0.2294201570525966
84.37740713767879,45.87571002112893,19.76075036639689,4.259636736658225,4.186249087405369,6.000549609347295,11.186666199593864,4.062022980079794,11.018312128963574,12.363580017179364,7.951312257542328,0.0975870812081936
86.39096333563667,87.31902874175367,18.703695418410742,3.5912608882332377,3.8762291431232585,12.181117168626338,6.375173412641121,6.766780030146025,11.31700241013259,12.875515887538166,8.971476043891533,0.5723097700995652
88.23662619781133,100.0,14.898898112737264,4.442993875807229,3.9556923306181377,15.172007270836248,10.075054355541244,5.517857151455285,11.347133552153338,12.675002267509004,9.799407586939337,0.5359015005577309
92.42745902359744,71.46386369407956,89.46347320790451,3.910333997749718,3.75959051540161,3.6903467666183465,6.641518806424354,4.0,11.094636851420272,12.295796517709736,7.033518021418731,0.677840973660662
88.52505484833735,79.03591434305234,90.5499456114536,4.221364531359135,3.9363684093136087,10.272596030150982,9.28800463378563,4.0,10.875502894558933,13.254224474948716,7.028760704250164,0.7871267228445458
88.72138200768359,72.24905594764284,57.93321010877992,1.210954248923462,4.323931715949403,7.809844656000535,4.422664517438911,9.005155255118524,11.158048593332031,12.606528400961436,6.916824028657974,0.7835959475010039
86.77263568668806,76.67359831973484,61.581907745034826,2.1231278651603964,4.009780703958628,13.686905608003231,9.785943819373694,4.0,11.192537017935544,12.802316228144615,7.129587770103436,0.6524940293941599
87.74186451802224,77.13425345086631,78.63501630546898,2.869669353165716,4.3468434222238646,5.372902900194556,6.461321167014271,10.0,10.747832415954832,13.567676535006532,7.042949311954536,0.7733065143537363
96.751640275617,100.0,87.95782838651145,4.187246670731998,3.4438093748937653,18.691583602642453,3.799879315749605,4.0,10.89615666265197,13.972521308091933,6.960842946639975,0.7894875930511703
98.88162814665549,76.00508499145744,96.8838582779642,4.992401287619152,4.187650727090121,15.814833501448078,9.906397771720966,6.0819799559689445,10.838015625279269,12.66508992054653,7.019328758169454,0.768203238467237
100.66087066406357,86.52516294763937,87.26938805437382,1.9347975286738457,4.239685402303364,8.827599811942903,6.083355731637301,8.902788296974622,10.59540527254114,12.260563743395627,6.842996041942661,0.6737593451689643
81.16263154452764,95.600359143475,89.43847621020016,3.642967909601604,3.967010490816346,1.0742400755721278,7.754700668119478,7.198702949272732,11.698478020990136,12.837628848131224,6.9228790696714695,0.7678347155576406
86.60334941956265,94.79687929863616,88.40310504889777,6.394825063153821,3.977484350212673,11.748739224250032,8.657627750951555,8.893067368313204,11.524360461674927,12.856982958422922,6.929701924838316,0.7748324216590674
86.55088863800061,100.0,94.89083404227544,8.067703853412125,4.113140033540634,12.12409703259796,8.64130308156679,4.998823861254668,10.763934656423755,13.153307449744824,7.147681713812147,0.7161383890448636
88.9026885007197,90.51127746929438,89.72582759281823,10.11247225045689,4.007456554701577,5.896281151236538,11.549757445311704,4.158910801444211,11.750342148152244,13.65236387523327,6.740620399864027,0.6843388799700112
74.24705681041901,72.02522939970261,21.18375419869414,4.304532834062692,4.135794492809902,10.208067690492294,9.37167835397278,6.253010842814657,11.76979571743663,12.38291534971878,6.929577456302689,0.6882570313641686
81.85379068534574,13.060593494445634,20.628797784495724,4.259184856955597,0.8353217259856156,12.25870845852311,4.285759040011672,4.0,3.4083862296170477,3.9649398324544944,6.952450732595638,0.7770448157874669
87.2756746128481,19.626825890790688,17.398484678374043,3.7938125372940177,2.1108494569656857,0.0,7.055865481695783,4.0,6.619610851905701,5.688174263974172,7.006715418333053,0.7398516475802966
90.42492803541906,33.154627792892775,14.911222300781098,3.678976646998155,2.8064046928674977,3.85827931978484,8.013391147147017,7.448692958670889,8.531102943808769,9.728381874888653,7.247630245293094,0.7332662667291137
86.87435378453787,39.00823233123967,10.110950049852065,3.85887545036138,4.281729153613641,4.690336669535178,6.50401258737143,6.579566320099108,11.48672498792629,11.821057785133997,7.155525462564676,0.8052184081752254
83.97820601884672,39.254055991499,20.724332070847197,4.053642535287544,4.886803108698923,0.0,3.8963026432955834,4.0,12.05766188959395,14.253682701043276,6.701343276762247,0.7360658688011682
101.31429583514657,55.70843033424842,12.398741809177825,4.291822146799812,6.118097710483304,0.0,6.151337379879891,5.127792195905353,14.706724942583117,15.758274179755222,6.883810554615128,0.7663527112677999
76.58672464678682,94.27962045814635,14.707809634713476,4.365225234874535,6.881647579229056,0.0,7.167382680600836,5.939230407319519,19.862934910642696,22.01677691260011,7.102301997684316,0.7118642689765873
109.8867363561664,12.85138546366384,18.195086691434195,3.7410615890009615,3.990630005016299,3.760769420003034,14.919373628743951,7.378087441935643,20.147310664371336,22.03217067687875,6.888120953436983,0.655814296742995
106.01870952546808,83.26332347091059,3.861214475514915,4.204031373062193,4.191756536614413,10.779909384074074,6.315032341060467,4.0,11.037395500862122,12.555267920171778,4.1576832707589375,0.8287599024288945
89.04044301441053,69.62292680616919,0.0,4.419445665344812,3.818127706440169,7.798091773554241,8.643171561430735,10.0,12.359185812750122,12.979751725309914,4.7169659927756,1.013637949070243
94.85367187764624,90.80131333158944,0.0,4.402789784315677,4.329989265441669,6.887003221015338,12.441099121857924,5.717237740598818,11.920830776736707,12.369675694118358,5.754571863081535,1.1214433843808795
82.35079226332803,80.8527078119396,4.3814714367513234,4.505700108065688,4.008082782090772,14.72672034808495,10.770046547796742,7.076536923644472,12.171719024866288,11.582302785826393,6.845094875996805,1.0509536637438883
99.56504680776877,69.55815756427273,0.0,4.045297956716682,3.943146358325135,11.482771122085165,7.568002413735759,4.0,10.999832038293151,13.316264374812896,7.983746890955098,1.5553396762178069
86.7335774666892,81.79304687379211,3.96201991772044,4.013701614180645,4.047683692501585,9.165727054510484,7.185038770397598,6.72448023565314,11.71440574762148,13.13218481731252,8.731198919981818,1.4482762713333064
75.90626260345711,78.86328986422136,6.092519624060076,3.8812527543233575,3.877779207845861,5.824223854943094,6.828150416690498,4.0,11.96551003760617,13.52673265849274,10.0,1.705917217127167
98.43420034081169,100.0,18.72449841284707,3.646754649292524,4.43913932647093,11.999299754893872,6.768789203465408,6.534368137897293,10.886428593626723,12.22493024507019,4.0,0.538020892373208
104.90432341360732,93.3330483892194,15.819400714967855,3.745825593353712,4.158266243066101,8.788058507640416,12.204416633668504,6.729193099348339,11.140374077721804,12.979075671755366,4.924041686288396,0.3063093499144569
85.61981587337557,64.67963604596372,14.199709433366383,3.781255777401427,4.074590284544936,10.2202503762969,14.358797272835428,4.0,11.62569360669535,13.36613788164544,5.934507330674524,0.2297801302810434
85.0250510865414,24.328218147301243,18.744053971978836,4.2580378419645415,3.940867330499417,13.431620759801548,10.935499889292425,4.0,10.943318115309308,13.131607646284056,7.097486792406533,0.225134400674096
77.55852879758557,51.67570074374247,18.167900411125476,3.841583455356173,3.914858791533877,10.139509658090898,10.167201154478024,5.655854098957957,11.309733080530588,12.142778235361398,7.909823692605734,0.1622002891321407
78.60215363861514,96.63114174826896,18.39388569527871,4.221914935328621,3.62628372356731,18.599216956086828,12.949703797914127,4.714563113237736,11.202239491936052,12.898370707296944,8.91257293646672,0.4757072929444211
79.30633708806909,100.0,16.829431787878946,3.728291972241982,4.106645722403599,2.831142267131365,6.732178849883548,9.54296953770096,11.108045241286357,12.385082237841443,9.82950229314812,0.4690471447656937
110.118406692508,85.29817402455907,90.56063557526952,4.514727314823537,3.9442925387952967,11.04669810717822,5.689035106343898,7.455049815560634,11.218448406360944,12.450125439767564,7.092047431103629,0.7438303286403779
101.5128483639362,87.74307199464664,51.52059661754758,0.9505917802518512,3.9726759877716353,5.306999052069914,11.93028799977794,5.751254257689224,11.637379946351764,13.597914117327546,6.758115781698646,0.7233641737653335
94.21569781750384,77.31564440764524,64.59751258784162,2.0558655631890863,3.918390901926022,8.266985258716417,7.628416032138636,4.0,10.63248487228351,13.08554185743687,7.002348016463503,0.7312002138100534
77.95381541901993,91.31225953703763,85.5173736117333,3.014111432144857,3.838126819083471,9.027157381522883,9.567924159828742,5.857015978168802,11.185252567640838,12.6629079629061,7.145203173665544,0.8287441849732579
95.85661418871526,71.58168409392627,89.37757187444191,3.8660096020081545,3.8695452550395872,10.234179093792942,6.800917323378702,8.570595341922779,11.042548624518904,11.789656522851306,6.999265024659811,0.6515635762536004
81.97540218438455,92.4277715902129,90.95346909156704,4.943266075365116,3.9960950267201856,10.18254156665938,8.818593066621792,5.050653537184767,10.946533193269325,13.478833744411013,6.619104154883293,0.6958832497359173
82.24791728279831,82.20229278318885,78.14393775216196,2.01607493065599,4.153317411835596,8.21775333039317,12.243578399414654,10.0,10.770692492758728,13.02245679615008,7.226879862537035,0.8324905131487332
86.66711838852419,83.75870555799125,91.03530041933854,4.008675364306466,4.090259891141979,8.780606364599087,13.594953268631905,4.0,11.065553463770824,12.280412164366034,7.182948076959473,0.7145392644771358
91.11444679058306,94.75799188976292,92.83426274368014,6.512646986345431,4.13402867661285,11.642176494131684,6.02681960736343,8.089676774036533,10.945965115397422,12.746068002907476,7.0654209978492775,0.7150303657706915
85.91261549131333,89.94764711479702,91.89688663430852,7.90347544820687,4.184164523181997,11.812695204020777,6.764395604690774,10.0,11.620351698875,12.391785599048651,6.668161498551914,0.7195447010492746
91.92113471018033,98.96992789149098,89.83004212471049,9.698027464094388,3.734481579899556,8.689796905151164,8.103204258760188,8.608676567212498,10.920887865471933,12.404928232560966,6.922201226577215,0.7669543879625762
90.47472090660312,72.44427373644379,15.989436749208686,3.955189549921076,4.062039395476996,11.614045557288549,7.609013708515786,7.282975309422052,11.194780216809162,13.632946372305357,6.960719673288266,0.6567816335805029
87.32646022691837,1.3917289282978995,17.396741454408993,3.73602353626194,1.1335754436371883,12.33852834332641,10.218903222321392,5.301142082265143,3.937890962180404,3.9548328446594985,6.960130401629732,0.7281063494888966
93.50556657873403,23.7141409175864,8.873643141502496,3.791682636551589,1.945476530418012,1.959486830129336,10.465654023332911,4.0,6.709645003310652,7.336784957877289,7.040055154953888,0.8181520923739696
96.35127454646675,32.29134073699189,12.767591850124964,4.093489677614255,2.7968974784283698,0.0,9.09772159237423,7.956704854444519,9.43663236147235,9.425464787442175,6.973230998746934,0.7450925755918012
97.04540899031484,44.53928109982771,13.475824931196758,3.918307230324816,4.118263466171787,0.2577227512100975,9.366574319578852,4.0,10.0224306287331,10.82713684886398,6.922315095085078,0.7761794362942291
86.1215767085383,45.90376761107977,14.079393727453212,3.9031884996873103,5.162431917372994,0.6316227843268231,9.76764491580296,5.6717422932823975,11.992797978827353,13.128735601801289,6.802106273616177,0.6664723310711805
87.15680410273028,67.76551904850521,16.594628977035196,3.886296988412592,5.960737028534061,6.703450161710595,8.841659002685308,9.4368126999086,12.798587681296333,14.704187808863256,7.091760222841823,0.8047220479161259
94.61072459065832,100.0,12.480906255936286,4.12641493040229,6.78935955282593,2.0097419669297665,6.579046932766079,6.752493016038795,19.35721655228423,21.560456597366656,7.142665702265733,0.7525299224985165
77.94470670125571,5.216128222413251,16.18883382668536,4.002247145984869,3.656056861988626,4.0577031729716335,11.204692180942024,10.0,20.52978558597894,23.6709274231017,7.248921975555913,0.6834974035632977
90.79798969068472,78.89578878670146,0.8900144689457908,4.199399224366379,4.14608509103314,8.208607990340568,8.733551980901748,10.0,11.47434091459782,12.931144013935276,4.0,0.9146575210696024
83.00641299930928,84.3413945458496,0.0,3.4525182709936697,3.859291655654933,13.84335607219191,8.386722541563717,4.0,11.316385625803658,12.179535519421282,5.044158060257434,0.996747990467813
78.56333788213414,76.56085298487119,0.0,4.025556435368602,4.425739332789489,5.719876352280526,3.469594573206562,10.0,11.115846859872176,12.774821201142132,5.877880499029319,1.017742496592755
89.12734738919232,78.53501295542999,0.0,3.671375126495844,4.151573608197772,11.477144805969528,10.548607412777535,5.930377903431955,10.937632610808508,12.740928047638617,7.133373561804606,1.1281762890082006
96.16549590959198,96.1078079008322,5.592894652065415,4.113658535266826,4.337494761923043,8.793444971167581,11.095446404251996,9.614628295356717,12.12373890962012,12.26074774045584,8.302748286792513,1.6907268136768143
92.97056278095492,88.52843239209767,0.0,4.546224093614083,3.846122972531108,7.829608044606769,7.728085850467201,6.253658658412253,11.697878990946863,12.58888323288905,8.874427978428308,1.4480184524709183
73.60804243599182,67.07068887604905,4.8753894717148665,3.751486035066365,3.986966471199699,11.23691930622822,9.966245536626143,7.460889120587135,11.26445390968912,12.703761981376005,9.892400451649989,1.665152783662644
101.12975915595452,100.0,14.453503306261512,4.064133166592501,4.028012876651586,7.1094136482650665,7.392927509238846,10.0,11.50052296782494,13.357561128243836,4.02192507508797,0.6213403589338871
86.63664757787427,100.0,18.141872999717958,3.9522725801472247,4.310317011740603,14.305194321557812,7.834709387414504,8.78841753078807,11.538591723560208,12.265196965413212,5.02659327438837,0.2628257451455594
77.74518940660104,56.36923603928117,15.207674472807136,4.355846372290747,3.968481160134089,6.752219438885863,13.114649862900514,6.084099789550664,10.87769073099862,12.95640828748074,5.694277894970956,0.2570170924901406
89.29198715488722,28.43007166883316,14.740962071637329,3.564721729680259,4.127064229746628,7.483341062553489,6.879720433646897,7.082379379552969,11.134754979770015,12.833665246978436,6.950517174949547,0.2017353560239621
103.19884718346712,47.7948140734476,19.35289510839067,4.204927236544823,4.159922769532991,9.67305258187012,5.969122498585978,7.749227343166255,11.428699610880496,13.23338024853664,7.823377334614188,0.1112712175302888
94.4883265954014,92.32843031263538,18.11989430257315,3.8365015297521055,4.093088249340856,12.133752989737816,7.043627803345359,7.708926147606104,11.45457676096375,12.419727949819393,8.891902937896404,0.5059603806027945
81.1169374062337,100.0,14.9772414294929,4.250544203484787,3.958865861526584,8.59228094860402,10.860512759047571,7.393440156306937,10.89374405894911,13.09498730305774,9.989344544526372,0.5458693452613628
